Description,Type,IOC
VBS Downloader,url,http://www.alldomaininfo.com/8C03C/fuck_niggers_92.hta
VBS Downloader,sha256, 3e79102274c5d3a079fb0a70e2dfb616196ec82125e62b38c3f071bd431526f0
Payload,url,https://medino.co.in/khgqz/22PAG1/MxOMekkklgbtq.bin
Payload,sha256,ee14add8eb5342d6c672dbff573b0737ac4f718f06d2881f9d319e6c806db770
Payload,url,https://daftar.site/ANASOO/ZqpHydykkkklgbtq.bin
Payload,sha256,752cc527d4c57db8e25158c476c2cc059c688d68b869428f1c5fce651e47a4b2
Payload,url,https://daftar.site/HEQ1AL/XsjhBjOkmtkkklgbtq.bin
Payload,sha256,4e41e0a0750125693aeadde94e11f23f9b29a81b26b41463117bd39d19374f84
Payload,url,http://cucsur.udgvirtual.udg.mx/oa/2020/SisTur/71P2/LKgrPRYhxVYkkklgbtq.bin
Payload,sha256,c4ac66cd26e9c6880438022aba95a5cfe87fe47ecc326c2f1d508a036476ad60
Payload,url,https://daftar.site/DIIZ/aXXjQAZugmfgEvkkklgbtq.bin
Payload,sha256,59b90c2d9f7732201c2f5498de46accdc545fe34a165bcbba4bd1fb304e3033e
VBS Downloader,url,http://www.alldomaininfo.com/18CKF/fuck_niggers_36.hta
VBS Downloader,sha256, e5d97040d3bd529706b8377bfee402a4911f595bd848773c842eaf346da8a48c
Payload,url,https://daftar.site/2OGD3I/quOlQvWRSYkkklgbtq.bin
Payload,sha256,cf8500d31246c32f2437a84301d0c5de9bfcae445b60fc1bd87d62899f470cc7
Payload,url,https://bpnjabar.tams-app.com/Q6FP/EvVGQtOtkSGFPkkklgbtq.bin
Payload,sha256,3394af8c2d60ee3c2035e59e18b9ca3a907aa9f02e946e61026e78abaee27af7
Payload,url,http://ioa.sool3.com.ar/greybox/YJQ/nEPSFGibBtIZkkklgbtq.bin
Payload,sha256,e5607a5a103d6bc04f97ffdeea63ba4629a6f99d55d89d2b2047e6d61c539357
Payload,url,https://bpnjabar.tams-app.com/ORJK/aFdSeScbEjutAhokkklgbtq.bin
Payload,sha256,e94952392e6d98a4263907ae825372ebda1f9208e2478efcfbdb7ae8e90c5582
Payload,url,https://preusz.com/Y6E/lAEJRQoZtqYkkklgbtq.bin
Payload,sha256,2ed4c30203ad5091fac0cb694f5dca3af5a591e0de6a56a0dfb51f20ba82fbc9
VBS Downloader,url,http://www.alldomaininfo.com/RS3/fuck_niggers_42.hta
VBS Downloader,sha256, adb8dc80b8e2ad7b7042a7c933c0e5abf226d4407ca7bfca7fad7b21e65680f4
Payload,url,https://daftar.site/YTTCE/VYVNqLNFQDkkklgbtq.bin
Payload,sha256,3739d6dfdd6a52951b2a44b2b1c5d0f9486c2df83b789d7e7ab76264d2d5dcde
Payload,url,http://csminas.ddns.net/W6G/FBAuWkkklgbtq.bin
Payload,sha256,a88a99b1942bc792d14711ebd755deb0a47cc3e295ac75937478db03b784b5df
Payload,url,http://csminas.ddns.net/CXEM/nqpjOVMESUgnUCkkklgbtq.bin
Payload,sha256,38796a89ff94fbae83d2be42eac45f980c3f0c5e1aeb11079c027827f617c04c
Payload,url,http://skyviewonlineltd.com/KX21XM/ilfwuakkklgbtq.bin
Payload,sha256,b3f2455dbdfadfdb76026bff37d4180f90b8dcfed7ce84043e2fcef4ae33b5e1
VBS Downloader,url,http://www.alldomaininfo.com/WX9Y/fuck_niggers_86.hta
VBS Downloader,sha256, 6084d0eb7d6a78ef3b3c987abfb5c0ad6eed4dcf36a77bb7aad0b6975fb74798
Payload,url,https://bpnjabar.tams-app.com/8QOBD2/dlwrnWJckkklgbtq.bin
Payload,sha256,3836ff75d10503ebe92c4149ec1a1cbacc530cf1c6cb11a28b293f9a8c41e2e5
Payload,url,http://cucsur.udgvirtual.udg.mx/oa/2020/SisTur/23C7VS/FuIqaYBbGDFEGXBkkklgbtq.bin
Payload,sha256,2af7a19afa51d819cfe4bcead0aa63c4dbb9c1194363896500b0ef626908ca13
Payload,url,https://daftar.site/RWW/GVTRFIacFPkkklgbtq.bin
Payload,sha256,9f22a1913f44f6f2a11582f402e149559bb57005ca54e59546444631a2cc63c5
Payload,url,https://preusz.com/2S0TH4/LzFICzdSIzchskkklgbtq.bin
Payload,sha256,7ecb1737599717d4a91772432ef9235771f725fbce2c8f0ae0c361c6966c475e
Payload,url,https://preusz.com/SKGGZ/yPftrkkklgbtq.bin
Payload,sha256,8187ea4c01f4820600fbfeb8c73d01550c8d87b9203ba76825911851ab68259a
VBS Downloader,url,http://www.alldomaininfo.com/J9IPA/fuck_niggers_71.hta
VBS Downloader,sha256, 39ef35e7e1e7db13d38e1fa58b688090503f27a6b5a85d1d5948646083ef366d
Payload,url,https://medino.co.in/khgqz/0SF0/iMzLYIacjTSkkklgbtq.bin
Payload,sha256,947cfb6d949f9a30f0c66d2aaabb0ccbe4cd0acf735abebc0e929e49c9fe83eb
Payload,url,http://skyviewonlineltd.com/OD0KB/IDDNOMAsIvDkkklgbtq.bin
Payload,sha256,69c083542e53579cfd344f93d7109f13a676adf4d73fa41425b3b0fa1dc702e4
Payload,url,https://daftar.site/KVZM/EFNaNskkklgbtq.bin
Payload,sha256,8061601b31fb8b82c7f0dcf77ffbcb74a093d8e64a951cfb9d38992a4cc41913
VBS Downloader,url,http://www.alldomaininfo.com/1WQV/fuck_niggers_10.hta
VBS Downloader,sha256, 61ca4e6af69e40ace778dcc2fb3c4eaa945b5db8768feb6b4cd7ac75d00dc61b
Payload,url,http://cucsur.udgvirtual.udg.mx/oa/2020/SisTur/AJ1R7A/kcwepvPxbhRenikkklgbtq.bin
Payload,sha256,85890ee7659c717dfbddc97ffbcd01b495d3a28c728b35cf1cd6ac1ebd306c92
Payload,url,http://cucsur.udgvirtual.udg.mx/oa/2020/SisTur/8IUCRL/zGZysmcPkkklgbtq.bin
Payload,sha256,a96a439e987fc1d63d5c59abf9e0055baf6b163f7e295b3603a64f3cb00413a6
Payload,url,https://daftar.site/J4IBY/ASiBmzVQbBxykkklgbtq.bin
Payload,sha256,02bb6e26478dea01be6fd5c9fc57c2258b8195c2ff5b41a15deb43b05cf0af36
Payload,url,http://cucsur.udgvirtual.udg.mx/oa/2020/SisTur/V4S/OPqwWCRkkklgbtq.bin
Payload,sha256,b33f7632696b48108f33d008571fb9a28c9f2ed74ad883fdc70d385e2b861391
VBS Downloader,url,http://www.alldomaininfo.com/98JB/fuck_niggers_88.hta
VBS Downloader,sha256, f2520f125e484575bc36aa40baa0d8201bce255115d612ab05207a9682024655
Payload,url,https://bpnjabar.tams-app.com/NKG6E5/opFHGkkklgbtq.bin
Payload,sha256,f9efeb3e890f09f571e0d349394140e49237bfea1cf8e7ee7b8768cb008cde51
Payload,url,http://cucsur.udgvirtual.udg.mx/oa/2020/SisTur/R32V2/UdjmnqyMktiYkkklgbtq.bin
Payload,sha256,9cc6cd5090a8743baea0c5b3b7227208b9fd21e0317263fc84209a56b99371d2
Payload,url,https://daftar.site/Y4NB/ChSTtEhyKBATgkkklgbtq.bin
Payload,sha256,2cf9c537591df06f023bbf8cbb88a030d8ab85fd995c302867d0514e5606b234
VBS Downloader,url,http://www.alldomaininfo.com/4XE/fuck_niggers_56.hta
VBS Downloader,sha256, 9a47a7720cfe839c5bccbe681668db0a6834750f1480ff4b9428db52fd3b4b67
Payload,url,http://skyviewonlineltd.com/ZR2L/YJdtpgTLkkklgbtq.bin
Payload,sha256,7249ce3d04df4431c89afca3e3ffbc8e54f0cb820b6d04f602e346eb2b97210c
Payload,url,https://daftar.site/AZQG/sdCYxUyrEVUDtwkkklgbtq.bin
Payload,sha256,3da8aa3ea66b177153cca0e37571a32bc024d150c330ab3b32bb0ad15ecc9a73
Payload,url,https://bpnjabar.tams-app.com/B1ZP/uRaCOkkklgbtq.bin
Payload,sha256,a8897a78cf5acc27d3f7a4b9d71f23f21e669b47628ef2964a2a455f2ead22b1
Payload,url,https://daftar.site/FTRS/pIxDvvSsSIVOPoWkkklgbtq.bin
Payload,sha256,084f69c0e0826309f75cfda262d0ef36e87dc2b73a12170dad23492117758cda
VBS Downloader,url,http://www.alldomaininfo.com/KLY/fuck_niggers_57.hta
VBS Downloader,sha256, 4743c0977b5ec17fff481af2b3835aa87e8589733a09cc46bb5189119df4bd52
Payload,url,http://skyviewonlineltd.com/L9CWHK/oKQroZBngWiyjWkkklgbtq.bin
Payload,sha256,4cfe3f30d028e7cb1eea0ee761b75ed998cd0c6d6ff4f9a802db428d0b9dda39
Payload,url,http://csminas.ddns.net/FOJKT/GKLDvXHClnvptQkkklgbtq.bin
Payload,sha256,f9c89d9fedc27f2af79185065a7b2b98512ed8763b50f0fbd4af59ee36ab611e
Payload,url,http://cucsur.udgvirtual.udg.mx/oa/2020/SisTur/NQVG/ffhKqisKkkklgbtq.bin
Payload,sha256,634e08b7594849fcd37698e668e7c3bcc8aa5af3cc1dac488bdb19c722a6bce0
Payload,url,https://preusz.com/1UOWI/SOghBJYwBIkkklgbtq.bin
Payload,sha256,62a4e3d63b7df158f649060adc4a96145f4235b8258d72bb4f39241fd089e772
VBS Downloader,url,http://www.alldomaininfo.com/EOM/fuck_niggers_73.hta
VBS Downloader,sha256, 48b656214abbc8dd41f297d356d95a9d2eb9306a9406e7ab73d491c11aef6383
Payload,url,https://preusz.com/1SWK5/SKCwHOhkkklgbtq.bin
Payload,sha256,ae2248da12ec324ad0cb0c97cc01813416ceca76feeb5987e6284907882b661f
Payload,url,http://cucsur.udgvirtual.udg.mx/oa/2020/SisTur/A9AZZ/ADHuCPaRLzcjmbOkkklgbtq.bin
Payload,sha256,6805b96efa556df82f22e5c3a426f9d6040949dbf0c3c6fb489c2812464aa6b6
Payload,url,https://preusz.com/Z3D/ugmQjOxWPpkkklgbtq.bin
Payload,sha256,ae2669203764ff3bf46e5b3bd9b5582af63b9544f80114624331e07a3b03b80a
VBS Downloader,url,http://www.alldomaininfo.com/LU5NRI/fuck_niggers_12.hta
VBS Downloader,sha256, 169fe6a4237b6ceb12f8973ffa099d3d74489423167d203ad824a82d03a28f94
Payload,url,http://csminas.ddns.net/747MRL/liYylhzjCKPnmNhkkklgbtq.bin
Payload,sha256,bd66f82a1667ce3dc6250690658f081f262329039c1d5e446bf8026077f07748
Payload,url,https://medino.co.in/khgqz/ZOZVWT/wWeZQbcgSfsJodkkklgbtq.bin
Payload,sha256,f8dfd17a7ffb6fba87152b11f34ff39cbc29b8661316b9a2f95b9a28af2af9d4
Payload,url,https://bpnjabar.tams-app.com/53Y/xwTLoVpKxkkklgbtq.bin
Payload,sha256,c60194aa02c0f072e83d65fbbdf6cab49ba8e528443146a83685ca39739ff715
Payload,url,https://daftar.site/G19LKU/ASiBmzVQbBxykkklgbtq.bin
VBS Downloader,url,http://www.alldomaininfo.com/JJFO4P/fuck_niggers_4.hta
VBS Downloader,sha256, e820955e154e280726cb9083bea25b53397f7e28779f8171d17976e32cee3cd1
Payload,url,https://preusz.com/TAVPP/wWhrmDvBNjSqkkklgbtq.bin
Payload,sha256,e308e2a2e14fda8199468628a3b5ba983f4703edfaf060eab6ceb88564acfe9b
Payload,url,https://medino.co.in/khgqz/IDJ/RkKKcEAAkkklgbtq.bin
Payload,sha256,201a9f314f99986e881fd18233bc6c7deee7c8a92df33f27bdc8aab461934d1b
Payload,url,https://medino.co.in/khgqz/8D6VI/oxmqIQkkklgbtq.bin
Payload,sha256,493cac69ba43c4b18827da0beed872830abcffe071ce7f2c90378802196d3c45
Payload,url,https://preusz.com/AHZQA/WLnKDkjaRWxkkklgbtq.bin
Payload,sha256,ec06ef0c5901082335a299b321f16582e6f6639c2299beefa1981eb777b34896
Payload,url,https://daftar.site/X8DS/qlHedeXQMGdWFkkklgbtq.bin
Payload,sha256,e73af48a49c537f019c474c3a5f3fc8f4ae434caa9dd4126daeb476add244062
VBS Downloader,url,http://www.alldomaininfo.com/DBMZ/fuck_niggers_53.hta
VBS Downloader,sha256, c57d4823cdf56c91751d73a047812589c67974b9a3c32e7ab83a36f2caf11471
Payload,url,http://skyviewonlineltd.com/UVI4/byUxDGdVUTjYkkklgbtq.bin
Payload,sha256,93efd751aa87f9bb2dc22adcf47a72f6893a27c49fe074750454d4aacd13b94c
Payload,url,http://csminas.ddns.net/YQ8/SHnfDvhKBJfqkkklgbtq.bin
Payload,sha256,6006ab5e4fbab4d984c251d0b683040058df4ba02c51af93049617c17bb9586e
Payload,url,https://fotofokusstudio.in/privacy-policy/H00O/qbDmDjyqEYkkklgbtq.bin
VBS Downloader,url,http://www.alldomaininfo.com/I233TS/fuck_niggers_68.hta
VBS Downloader,sha256, 290e0bf76e2e9495d058c545330c7663ab834153bd1dedebfe3b1f3121549f81
Payload,url,http://csminas.ddns.net/J7PBTO/EMocQzaDURLkkklgbtq.bin
Payload,sha256,c13443798f618fba8cbfe70c4b39e165e0d88dbcb9eaadcb8329536c13ce5e0b
Payload,url,http://csminas.ddns.net/4OV38/AiDdvUXfcLakkklgbtq.bin
Payload,sha256,4f9dfeddf30b5048bcd3747af2fe6029b0ca1eb1b8cfe2b91abf58641336abe9
Payload,url,https://daftar.site/D3OTCI/EcAmXjukwtkkklgbtq.bin
Payload,sha256,314efd786c7fac45d357e162b862e6321dc5cf49ea7b379104722b033643e4b1
VBS Downloader,url,http://www.alldomaininfo.com/3X7MV/fuck_niggers_31.hta
VBS Downloader,sha256, be1d28d5e19b960d1b00c8dfb609c759f43ba3772635cfc7bdcd894713a7449a
Payload,url,http://cucsur.udgvirtual.udg.mx/oa/2020/SisTur/6PYOE/OPqwWCRkkklgbtq.bin
Payload,url,https://daftar.site/Q894/vkVQMkkklgbtq.bin
Payload,sha256,019e4a2eaa89bbc5dd4dd542baa34e32fde1bd36038b3761aad409dec278e528
Payload,url,http://csminas.ddns.net/6648VX/CNLXYIkkklgbtq.bin
Payload,sha256,d42a9de7251a976e19b8a789154d56ab4d36fa0a5dfc5af83f31847111587453
VBS Downloader,url,http://www.alldomaininfo.com/XSNKK/fuck_niggers_54.hta
VBS Downloader,sha256, 8195e64bba27ffbc9ff25b4b0b4daa0f4b5161d99961dc1a1755c1581f480e80
Payload,url,https://daftar.site/ECH/nkpMumkkklgbtq.bin
Payload,sha256,56b942d0d8bb9d4d2d0c9bb1d1dbed1a52a6fd22bc069e4b6df33bd933c2b622
Payload,url,https://medino.co.in/khgqz/O10ASZ/uRaCOkkklgbtq.bin
Payload,url,https://bpnjabar.tams-app.com/52U8/iruiPfVnkkklgbtq.bin
Payload,sha256,4230b78bf642482038b6fe2355c951c13fe8b9c97068273a5aab06356865c8e1
VBS Downloader,url,http://www.alldomaininfo.com/EXYX/fuck_niggers_70.hta
VBS Downloader,sha256, a2c3b47760cc69f1c83c7eb7c01a760657e70d245348b28f28f98540d90990b8
Payload,url,https://preusz.com/N05/AiDdvUXfcLakkklgbtq.bin
Payload,url,https://daftar.site/IBUQJ/nuzKWnIDaLMOkkklgbtq.bin
Payload,sha256,03031415064b651e65b8a83d06eca4e6a83a23854b9b504c011a02feac993dd0
VBS Downloader,url,http://www.alldomaininfo.com/WBD9ZA/fuck_niggers_40.hta
VBS Downloader,sha256, 5c1fac7324757d341f5af08571fb7466d1fb6ad8df6534aaf4e66dc98cef4c50
Payload,url,https://daftar.site/H0RG1P/CIUEUPZrKYkFuZAkkklgbtq.bin
Payload,sha256,96122fb865d9d5e150fdbd1c04240e786a3c16528cd33748464eade4ea6d9986
Payload,url,http://skyviewonlineltd.com/8LZOE/ZIjtDcrLmNbNAphkkklgbtq.bin
Payload,sha256,8e7e96c5c81defe501dcb530e7cc3773df9f2d2601e7a559cdea4286b920f915
Payload,url,http://cucsur.udgvirtual.udg.mx/oa/2020/SisTur/UG5/HLYbnfSQpxkkklgbtq.bin
Payload,sha256,176d3e38c6782bf313d6d5f23a14f2e7692181ee50a7b2a2b130caae82e46148
Payload,url,http://skyviewonlineltd.com/V9UP/YPLRekkklgbtq.bin
Payload,sha256,99b02ee3c8256eb95c745119609a976ced1d887e6475f6bd3768fb9711e75554
VBS Downloader,url,http://www.alldomaininfo.com/D4PV9I/fuck_niggers_93.hta
VBS Downloader,sha256, 53afcdfeaa87d5ea83d14d0652b89c324a5a137c72402e5c49cbdec675490c4d
Payload,url,https://daftar.site/QXJ/jkxrApqQZKYFBMkkklgbtq.bin
Payload,sha256,4f51250275e99ccbad0bb320ec64adf4b1fd513fc99dfb119e67ed868d68733d
Payload,url,https://bpnjabar.tams-app.com/3XN5V/ilfwuakkklgbtq.bin
Payload,url,https://daftar.site/ZCZR/NwQXoKlvYkkklgbtq.bin
Payload,sha256,1aa52252a9ae1c24c9a587d84bbe8ad42ea834ecb2f5e363660d0180a0fd358b
VBS Downloader,url,http://www.alldomaininfo.com/H0BX1/fuck_niggers_76.hta
VBS Downloader,sha256, 14742ad0ebb79503f0971a04d61cdb176ee82d609786509d2c34935bb83e72db
Payload,url,http://cucsur.udgvirtual.udg.mx/oa/2020/SisTur/O0Z12B/vNyJMFEoHgVAUlkkklgbtq.bin
Payload,sha256,0e5c5fd9dbd9877538234f46af9f9ad2bed5561f5fda9c2de019272741d4c208
Payload,url,https://daftar.site/9UP/hEvpYtkkklgbtq.bin
Payload,sha256,f0f8c65ff33028fffaa1b7e9e18dacd896e0b0e8a9fa6e234c719b030b9741ac
Payload,url,http://csminas.ddns.net/F3XK/sdCYxUyrEVUDtwkkklgbtq.bin
VBS Downloader,url,http://www.alldomaininfo.com/DIY1F6/fuck_niggers_93.hta
VBS Downloader,url,http://www.alldomaininfo.com/438G/fuck_niggers_91.hta
VBS Downloader,sha256, e76c7411ea6566146aac1c8841f133297727c0f614aed38fe1ddef35e7a4ade9
Payload,url,https://preusz.com/I5U8T/FBAuWkkklgbtq.bin
Payload,url,http://skyviewonlineltd.com/XWAJI/lAEJRQoZtqYkkklgbtq.bin
Payload,url,https://preusz.com/ZECCXL/XsjhBjOkmtkkklgbtq.bin
VBS Downloader,url,http://www.alldomaininfo.com/ZBK/fuck_niggers_57.hta
VBS Downloader,url,http://www.alldomaininfo.com/0QMMJX/fuck_niggers_12.hta
VBS Downloader,url,http://www.alldomaininfo.com/1D7/fuck_niggers_9.hta
VBS Downloader,sha256, 9401ed473d2da5df83e88c97da0b485fcc125cb6bfcda473b50e3293689f464e
Payload,url,http://csminas.ddns.net/JE4Z/sPJVVlpiXpgktkkklgbtq.bin
Payload,sha256,999285b1dae2c26e61557b12e3f60dc6135dfb185c0136cb1e2f441149bfea40
VBS Downloader,url,http://www.alldomaininfo.com/D9W/fuck_niggers_15.hta
VBS Downloader,sha256, 3726003ea6d8aa40cbfd515f32bf66c5fd1e55b4ca47df3a4101551db28b7893
Payload,url,http://skyviewonlineltd.com/QXCFV/iMzLYIacjTSkkklgbtq.bin
Payload,url,http://skyviewonlineltd.com/4R7/ZKMEkleQqDEiaJkkklgbtq.bin
Payload,sha256,9be19f07e2a06af1c622c9c6b7f139b4328f6baf971a7964844447bcff7e1814
Payload,url,https://bpnjabar.tams-app.com/VIY9/mVvNYQSwxeRnFbkkklgbtq.bin
Payload,sha256,4a04f52da6831a961fc09ff38561ecabdc50fb426aeb343f89454715d6b440ab
VBS Downloader,url,http://www.alldomaininfo.com/UTO/fuck_niggers_99.hta
VBS Downloader,sha256, da9fc1f9a5e8982314a0b122a1195592cf6ae5b0c3e17790d287a5287573e187
Payload,url,http://dev2-admin.ycbnt.net/F0Z/HLYbnfSQpxkkklgbtq.bin
Payload,url,https://preusz.com/8S41RZ/RkKKcEAAkkklgbtq.bin
Payload,url,http://cucsur.udgvirtual.udg.mx/oa/2020/SisTur/2BN/ngKnznerdtRLqCLkkklgbtq.bin
Payload,sha256,27b24d442413bdb408f7d2e09f440a5fba2d5b2bf22ed2a99562c09dc3234fb3
VBS Downloader,url,http://www.alldomaininfo.com/373/fuck_niggers_98.hta
VBS Downloader,sha256, 792a7b1fad439c7ff361abd876102f5a7a49e71cdec15a9af9617d86c83a8432
Payload,url,https://preusz.com/0SM8NM/rZYWzGckkklgbtq.bin
Payload,sha256,529c9b5c88f66076ffdc00eaacc1cf1f775cae07888c80e249d33cf85c81b1e4
Payload,url,https://bpnjabar.tams-app.com/OF553R/bHONQLiJEMMVkkklgbtq.bin
Payload,sha256,929ca7f836a683e65c010e190a068e6785e8dd2dade630b6006f915d3d5e9007
Payload,url,http://cucsur.udgvirtual.udg.mx/oa/2020/SisTur/AK29K5/HFRfgqrqpUwEZakkklgbtq.bin
Payload,sha256,3bb445d4ffac94906e3a834b659d7adc1f18dc7b9c9196c38b353937f1381278
VBS Downloader,url,http://www.alldomaininfo.com/WEYMZ7/fuck_niggers_72.hta
VBS Downloader,sha256, 607de188aef24a76147867bf5785cda2c72f602c1ddaf9b2b187b2cc658eaed1
Payload,url,http://cucsur.udgvirtual.udg.mx/oa/2020/SisTur/8QVA/mYEUXPpDSNYccsGkkklgbtq.bin
Payload,sha256,ecf2b2f6e49da5476eddead4ea6b32ef39d3b1989ed1c5fb46e90f114f9ea302
Payload,url,https://medino.co.in/khgqz/BK4FB/LzFICzdSIzchskkklgbtq.bin
VBS Downloader,url,http://www.alldomaininfo.com/3MT4N8/fuck_niggers_0.hta
VBS Downloader,sha256, 44537d0a16917aa35213693f607ae5d1b287d6e9737f7bb75f7c9e3920695b15
Payload,url,http://skyviewonlineltd.com/0HC/YxmLURonkkklgbtq.bin
Payload,sha256,8cd9c1725c59139cafb22e210d4cbd0e6d78c2d5ed5cddda30b173dc85950d9e
VBS Downloader,url,http://www.alldomaininfo.com/W22OE8/fuck_niggers_51.hta
VBS Downloader,sha256, 6c1d33fde5962fd37af80a8c6ede20c032a3ba1557b854cb61eda8b8cdf40926
Payload,url,http://skyviewonlineltd.com/RXW8/IDCRnINaaEmumCkkklgbtq.bin
Payload,sha256,c5d21d0bab87488027c50dfe072831c77ff7c12f1c8bc0e5e6e3669a90c96ac3
VBS Downloader,url,http://www.alldomaininfo.com/50KT/fuck_niggers_56.hta
VBS Downloader,url,http://www.alldomaininfo.com/6A0/fuck_niggers_32.hta
VBS Downloader,sha256, dc861e3e43e40f80c9b4df67762ac003f4b9c4bdbda168ff9fbd4bbef372ce47
Payload,url,https://daftar.site/S4YI/ngKnznerdtRLqCLkkklgbtq.bin
VBS Downloader,url,http://www.alldomaininfo.com/S4L/fuck_niggers_84.hta
VBS Downloader,sha256, 2ef167f1910a09ab320b1414551d2fe458227b52cab3fc59ea474eb0647563ef
Payload,url,https://bpnjabar.tams-app.com/CY7TR/uZfmJDTkkklgbtq.bin
Payload,sha256,fc5d8a2947dee35c9be350035519c729eae1a58cb1d5118e2a61bd569a51e979
VBS Downloader,url,http://www.alldomaininfo.com/2XYFLL/fuck_niggers_92.hta
VBS Downloader,url,http://www.alldomaininfo.com/M9DFBE/fuck_niggers_31.hta
VBS Downloader,url,http://www.alldomaininfo.com/YCEL62/fuck_niggers_29.hta
VBS Downloader,sha256, e154b1f5eb211713761e41647f2979d89db7a868a473fcf32fbd4e0938ccefd4
Payload,url,https://bpnjabar.tams-app.com/OF9K/GYgxaGqkkkklgbtq.bin
Payload,sha256,7d27378b178f3ed92b2f7d4bf9c49e424f875a220fe762d25efb3c4d3879101f
VBS Downloader,url,http://www.alldomaininfo.com/UCHF/fuck_niggers_86.hta
VBS Downloader,url,http://www.alldomaininfo.com/015QZ4/fuck_niggers_54.hta
VBS Downloader,url,http://www.alldomaininfo.com/R3RW7/fuck_niggers_49.hta
VBS Downloader,sha256, 755a650464d5bee72298ca88929b92b8fa1e53f095780f26ad71dc7a02dc1061
Payload,url,https://preusz.com/MJGBN/bvLaffskWuNkkklgbtq.bin
Payload,sha256,d4113779f72a34edf416e5863a701ee096ba3186c03185cf849b94f27133ec6d
VBS Downloader,url,http://www.alldomaininfo.com/00PYP9/fuck_niggers_51.hta
VBS Downloader,url,http://www.alldomaininfo.com/8AMYY/fuck_niggers_98.hta
VBS Downloader,url,http://www.alldomaininfo.com/Y1G1W/fuck_niggers_94.hta
VBS Downloader,sha256, dc169224a0608581110496d341896a3181da34ea8b7d6d0a41e56a6750b54953
Payload,url,http://cucsur.udgvirtual.udg.mx/oa/2020/SisTur/45N8Z/EMocQzaDURLkkklgbtq.bin
Payload,url,https://preusz.com/Y8L/nuzKWnIDaLMOkkklgbtq.bin
VBS Downloader,url,http://www.alldomaininfo.com/LODNH/fuck_niggers_90.hta
VBS Downloader,sha256, f088b1a90ee096f8101d040d6ec2876bda78b400b70607451eb17b48c5e97ac3
Payload,url,http://csminas.ddns.net/HADHO/OfaKFkkklgbtq.bin
Payload,sha256,5dc64df3cca54165dc493a27a09243962a8c52c3f2a4118b24f620914f2a9f38
VBS Downloader,url,http://www.alldomaininfo.com/1FKXQ/fuck_niggers_59.hta
VBS Downloader,sha256, 9453cd43dd8d8204e94c4897724c46346a7d18f73ecf1b65364f20b461026f4e
Payload,url,http://csminas.ddns.net/IQ8G0/pOouBdudkkklgbtq.bin
Payload,sha256,5b17007c41438abd1b60bc84b2f3fdacd6ce2f42c54e14f8ca97466650c1a2a3
VBS Downloader,url,http://www.alldomaininfo.com/FUQ/fuck_niggers_7.hta
VBS Downloader,sha256, e82d889fcb73f2151264467de8268e4d130ba3cd1d63a65c917be8c68222786f
Payload,url,https://medino.co.in/khgqz/KGN6D/fDxnykkklgbtq.bin
Payload,sha256,b11f2f19a0388ff5e8e11f3f6c2e744fde7a8f3d9b56efcc1976ae91578b1a18
Payload,url,http://skyviewonlineltd.com/B3UR/ngKnznerdtRLqCLkkklgbtq.bin
VBS Downloader,url,http://www.alldomaininfo.com/CGIQ7/fuck_niggers_38.hta
VBS Downloader,sha256, 7512808686504df8e91d947864d12727fe5876bba337f5da2bd8b903162f6521
Payload,url,https://daftar.site/TSTM8Q/eLGLzecYmIXoKINkkklgbtq.bin
Payload,sha256,ff78059edf414a40fbc264f86c9bcf0f4fc2ae9c7291fb0cb13b250223d9a497
VBS Downloader,url,http://www.alldomaininfo.com/QLPYJ/fuck_niggers_89.hta
VBS Downloader,sha256, 3d4b747c5728482ca98549c9b545515344abde5d717ab53155580d25e4ba9a87
Payload,url,https://daftar.site/BJUS5N/HbWbEubMkkklgbtq.bin
Payload,sha256,cc0cf86940ea24eb5ed64571fa4ac9b53108b58c94f17562049ba38b813cb364
Payload,url,https://preusz.com/MR60/GYgxaGqkkkklgbtq.bin
VBS Downloader,url,http://www.alldomaininfo.com/GZT/fuck_niggers_58.hta
VBS Downloader,sha256, 01f24e33456019d5bce0cd25bb3cc1dfc95c42ed56ecb7aaec25de8147cfea26
Payload,url,https://medino.co.in/khgqz/4GE9Y/mSSOBvmkkklgbtq.bin
Payload,sha256,169e5a561479f1ba3d4cedf211d1404330c3afda5ac39b08d689d07ef9596298
Payload,url,http://www.fixstudio.co.kr/plugin/editor/smarteditor2/VAHCUK/VYVNqLNFQDkkklgbtq.bin
Payload,url,http://cucsur.udgvirtual.udg.mx/oa/2020/SisTur/0S3IV/djXwRsYXhBteVdkkklgbtq.bin
Payload,sha256,fb87ecffae6e8a3070c7db5e0998c65cce7539a6efcb34fde24168b559dff71c
VBS Downloader,url,http://www.alldomaininfo.com/Y2G/fuck_niggers_14.hta
VBS Downloader,sha256, 9c648b119d23511fe6ed073ac4848a82e620e1bfc843e9daa2e1a0802b93afff
Payload,url,https://daftar.site/R30OEF/xdmJvLmXWkkklgbtq.bin
Payload,sha256,058f651f84f6c0de11e988aeab5179d426d79c345e5fb972c752d70bccddee5c
VBS Downloader,url,http://www.alldomaininfo.com/ZI97/fuck_niggers_49.hta
VBS Downloader,url,http://www.alldomaininfo.com/LC1/fuck_niggers_95.hta
VBS Downloader,sha256, d6e054b0e6852927ef6a5c7e0741fa1c249e9eca125809680f36551b5fc8bf83
Payload,url,https://daftar.site/MR6/fXqEpQQBKOwukkklgbtq.bin
Payload,sha256,212d8d9db8935bff5e9783a13194e81ac63a60f05151773f4c91dc6403a94e30
Payload,url,https://preusz.com/POX9/xdmJvLmXWkkklgbtq.bin
VBS Downloader,url,http://www.alldomaininfo.com/MWM/fuck_niggers_77.hta
VBS Downloader,sha256, f2bc596bfb4eaee17b57fac9c9167a4d0ccffabb5d9dccfe54e9c806d3a948e1
Payload,url,http://skyviewonlineltd.com/TI6W/OfaKFkkklgbtq.bin
Payload,url,https://bpnjabar.tams-app.com/R8AN/XoHTptnXClkkklgbtq.bin
Payload,sha256,23f3458ae4bfacccb78423f1f1bb5a9abe5706af9862a6738749db971ece3305
VBS Downloader,url,http://www.alldomaininfo.com/SLY5Y/fuck_niggers_24.hta
VBS Downloader,sha256, 5d276b5db8451e2a7e26e3811ba055d24d1119eeb3834db683c86f77a5936111
Payload,url,http://skyviewonlineltd.com/FQ314B/ApFhLhTicsyXRYxkkklgbtq.bin
Payload,sha256,7319faf4a324a7aec6b898b06f822b59f24a2c702929a146908829c5ddccfe83
Payload,url,http://csminas.ddns.net/1AYAH/NwQXoKlvYkkklgbtq.bin
VBS Downloader,url,http://www.alldomaininfo.com/VAF/fuck_niggers_43.hta
VBS Downloader,sha256, 6a4fcd397b4ac4f9dfc28ffeef0a805802688c1d1db323dd0dd2d0061363f577
Payload,url,http://cucsur.udgvirtual.udg.mx/oa/2020/SisTur/DPK45/dlwrnWJckkklgbtq.bin
Payload,url,http://csminas.ddns.net/D262X/wWhrmDvBNjSqkkklgbtq.bin
Payload,url,https://daftar.site/TZ4Q/BqWZUuCkFkkklgbtq.bin
Payload,sha256,e1dbc17cfcab4b6b14a07dde15327991d38a314c26a8464bebefb1118f16511a
Payload,url,https://daftar.site/WC0BAW/xdmJvLmXWkkklgbtq.bin
VBS Downloader,url,http://www.alldomaininfo.com/B45/fuck_niggers_52.hta
VBS Downloader,sha256, 89854622707bbd0bd3ca47d6e5de518eb17a25e901c7bb9a3ab1fc28ce8f3779
Payload,url,https://daftar.site/Q2IFH/EvVGQtOtkSGFPkkklgbtq.bin
VBS Downloader,url,http://www.alldomaininfo.com/RKKP6P/fuck_niggers_60.hta
VBS Downloader,sha256, 82da1575ba05d57e3eb247d68c6c9cbcc8267b9b1aadb2f48a58f2996199ee22
Payload,url,http://snail.chetsapp.de/HQY4O/mVvNYQSwxeRnFbkkklgbtq.bin
VBS Downloader,url,http://www.alldomaininfo.com/24L/fuck_niggers_19.hta
VBS Downloader,sha256, 25d72f68ad79fc4b87a8d72e6873a1d01de1fcf1b7e0ce1e0da6cebbd30bef50
Payload,url,https://medino.co.in/khgqz/FJH/qlHedeXQMGdWFkkklgbtq.bin
Payload,url,http://skyviewonlineltd.com/JLMN/VYVNqLNFQDkkklgbtq.bin
VBS Downloader,url,http://www.alldomaininfo.com/C9K23/fuck_niggers_92.hta
VBS Downloader,url,http://www.alldomaininfo.com/39VSS/fuck_niggers_54.hta
Meterpreter Server,ip,185.254.196.122
